Price,Age,KM,FuelType,HP,MetColor,Automatic,CC,Doors,Weight,Mileage
13500,23,46986,Diesel,90,1,0,2000,3,1165,29196
13750,23,72937,Diesel,90,1,0,2000,3,1165,45321
13950,24,41711,Diesel,90,1,0,2000,3,1165,25918
14950,26,48000,Diesel,90,0,0,2000,3,1165,29826
13750,30,38500,Diesel,90,0,0,2000,3,1170,23923
12950,32,61000,Diesel,90,0,0,2000,3,1170,37904
16900,27,94612,Diesel,90,1,0,2000,3,1245,58789
18600,30,75889,Diesel,90,1,0,2000,3,1245,47155
21500,27,19700,Petrol,192,0,0,1800,3,1185,12241
12950,23,71138,Diesel,69,0,0,1900,3,1105,44203
20950,25,31461,Petrol,192,0,0,1800,3,1185,19549
19950,22,43610,Petrol,192,0,0,1800,3,1185,27098
19600,25,32189,Petrol,192,0,0,1800,3,1185,20001
21500,31,23000,Petrol,192,1,0,1800,3,1185,14292
22500,32,34131,Petrol,192,1,0,1800,3,1185,21208
22000,28,18739,Petrol,192,0,0,1800,3,1185,11644
22750,30,34000,Petrol,192,1,0,1800,3,1185,21127
17950,24,21716,Petrol,110,1,0,1600,3,1105,13494
16750,24,25563,Petrol,110,0,0,1600,3,1065,15884
16950,30,64359,Petrol,110,1,0,1600,3,1105,39991
15950,30,67660,Petrol,110,1,0,1600,3,1105,42042
16950,29,43905,Petrol,110,0,1,1600,3,1170,27281
15950,28,56349,Petrol,110,1,0,1600,3,1120,35014
16950,28,32220,Petrol,110,1,0,1600,3,1120,20021
16250,29,25813,Petrol,110,1,0,1600,3,1120,16039
15950,25,28450,Petrol,110,1,0,1600,3,1120,17678
17495,27,34545,Petrol,110,1,0,1600,3,1120,21465
15750,29,41415,Petrol,110,1,0,1600,3,1120,25734
16950,28,44142,Petrol,110,0,0,1600,3,1120,27429
17950,30,11090,Petrol,110,1,0,1600,3,1120,6891
12950,29,9750,Petrol,97,1,0,1400,3,1100,6058
15750,22,35199,Petrol,97,1,0,1400,3,1100,21872
15950,27,29510,Petrol,97,1,0,1400,3,1100,18337
14950,26,32692,Petrol,97,1,0,1400,3,1100,20314
15500,22,41000,Petrol,97,1,0,1400,3,1100,25476
15750,26,43000,Petrol,97,0,0,1400,3,1100,26719
15950,25,25000,Petrol,97,0,0,1400,3,1100,15534
14950,23,10000,Petrol,97,1,0,1400,3,1100,6214
15750,32,25329,Petrol,97,1,0,1400,3,1100,15739
14750,27,27500,Petrol,97,0,0,1400,3,1100,17088
13950,22,49059,Petrol,97,0,0,1400,3,1100,30484
16750,27,44068,Petrol,97,1,0,1400,3,1100,27383
13950,22,46961,Petrol,97,0,0,1400,3,1100,29180
16950,27,110404,Diesel,90,0,0,2000,5,1255,68602
16950,22,100250,Diesel,90,0,0,2000,5,1255,62292
19000,23,84000,Diesel,90,0,0,2000,5,1270,52195
17950,27,79375,Diesel,90,1,0,2000,5,1255,49321
15800,22,75048,Petrol,97,1,0,1400,5,1110,46633
17950,22,72215,Diesel,90,1,0,2000,5,1255,44872
21950,31,64982,Petrol,192,1,0,1800,5,1195,40378
17950,22,62636,Diesel,90,1,0,2000,5,1255,38920
15750,30,57086,Petrol,97,1,0,1400,5,1110,35472
20500,26,56000,Petrol,110,1,1,1600,5,1180,34797
21950,27,49866,Petrol,192,1,0,1800,5,1195,30985
15500,25,49163,Petrol,110,0,1,1600,5,1165,30548
13250,32,45725,Petrol,110,1,0,1600,5,1075,28412
15250,28,43210,Petrol,97,0,0,1400,5,1110,26849
15250,26,43000,Petrol,97,0,0,1400,5,1110,26719
18950,23,39704,Petrol,110,1,1,1600,5,1180,24671
15999,30,38950,Petrol,110,1,0,1600,5,1130,24202
14950,22,37400,Petrol,97,1,0,1400,5,1110,23239
16500,27,37177,Petrol,110,0,0,1600,5,1130,23101
18750,31,36544,Petrol,110,1,0,1600,5,1130,22707
17950,30,33511,Petrol,110,1,0,1600,5,1130,20823
17950,27,32809,Petrol,97,1,0,1400,5,1110,20387
16950,26,32181,Petrol,110,1,0,1600,5,1075,19996
18950,28,30993,Petrol,110,1,0,1600,5,1130,19258
14950,22,30400,Petrol,97,1,0,1400,5,1110,18890
22250,22,30000,Diesel,110,1,0,2000,5,1275,18641
15950,25,29719,Petrol,97,1,0,1400,5,1110,18467
15950,28,29206,Petrol,97,1,0,1400,5,1110,18148
12995,32,29198,Petrol,97,1,0,1400,5,1060,18143
18950,28,28817,Petrol,110,1,0,1598,5,1130,17906
15750,23,28227,Petrol,97,1,0,1400,5,1110,17539
19950,28,28000,Petrol,110,0,0,1600,5,1130,17398
16950,23,28000,Petrol,110,1,0,1600,5,1115,17398
18750,31,25266,Petrol,110,1,0,1600,5,1130,15700
18450,27,23489,Petrol,110,0,0,1600,5,1115,14595
16895,29,22575,Petrol,110,1,0,1600,5,1115,14027
14900,30,22000,Petrol,97,1,0,1400,5,1110,13670
18950,25,20019,Petrol,110,1,1,1600,5,1180,12439
17250,29,20000,Petrol,110,1,0,1600,5,1115,12427
15450,25,17003,Petrol,97,1,0,1400,5,1110,10565
17950,31,16238,Petrol,110,1,1,1600,5,1180,10090
16650,25,15414,Petrol,97,1,0,1400,5,1110,9578
17450,28,8537,Petrol,110,1,0,1600,5,1130,5305
14900,30,7000,Petrol,97,1,0,1400,5,1100,4350
17950,20,66966,Diesel,90,1,0,2000,3,1245,41611
15950,19,51884,Petrol,97,1,0,1400,3,1100,32239
21950,19,50005,Diesel,110,1,0,2000,3,1265,31072
16450,20,48110,Petrol,97,1,0,1400,3,1100,29894
22250,20,37500,Diesel,90,1,0,2000,3,1260,23301
19950,16,34472,Diesel,90,1,0,1995,3,1260,21420
15950,20,33329,Petrol,97,1,0,1400,3,1100,20710
18900,20,31850,Petrol,110,0,0,1600,3,1120,19791
19950,17,30351,Diesel,90,1,0,1995,3,1260,18859
15950,19,29435,Petrol,97,1,0,1400,3,1100,18290
15950,19,25948,Petrol,97,1,0,1400,3,1100,16123
18750,11,24500,Petrol,110,1,0,1600,3,1120,15224
17450,18,23902,Petrol,97,1,0,1400,3,1100,14852
18990,20,23175,Petrol,110,1,0,1600,3,1120,14400
16250,19,19200,Petrol,97,1,0,1400,3,1100,11930
18500,13,18000,Petrol,71,0,0,1400,3,1125,11185
18500,11,16123,Petrol,110,1,0,1600,3,1105,10018
19450,11,14635,Petrol,110,1,1,1600,3,1155,9094
16950,19,13748,Petrol,97,1,0,1400,3,1100,8543
18800,14,11500,Petrol,110,1,0,1600,3,1045,7146
17450,17,10000,Petrol,97,1,0,1400,3,1100,6214
17950,20,7187,Petrol,110,1,0,1600,3,1105,4466
32500,4,1,Diesel,116,0,0,2000,5,1480,1
31000,4,4000,Diesel,116,1,0,2000,5,1480,2485
31275,4,1500,Diesel,116,1,0,2000,5,1480,932
24950,8,13253,Diesel,116,1,0,2000,5,1320,8235
24950,8,13253,Diesel,116,1,0,2000,5,1320,8235
22950,7,10000,Diesel,116,1,0,2000,5,1270,6214
24990,8,6000,Diesel,90,1,0,2000,5,1280,3728
21950,8,10841,Diesel,90,1,0,2000,5,1270,6736
17900,7,1,Petrol,110,1,0,1600,3,1105,1
19250,20,63000,Diesel,90,1,0,2000,5,1255,39146
22250,17,57313,Diesel,110,1,0,2000,5,1275,35613
18950,13,57037,Petrol,110,0,0,1600,5,1115,35441
19950,19,51099,Diesel,90,1,0,2000,5,1255,31751
16350,14,40010,Petrol,110,1,0,1600,5,1115,24861
18950,20,39115,Petrol,110,1,0,1600,5,1130,24305
16950,17,36012,Petrol,110,0,0,1600,5,1130,22377
21750,16,36000,Petrol,110,1,0,1600,5,1130,22369
15950,20,36000,Petrol,110,1,0,1600,5,1075,22369
16500,20,35000,Petrol,97,1,0,1400,5,1110,21748
17950,17,33740,Petrol,97,1,0,1400,5,1135,20965
15850,13,33477,Petrol,110,1,0,1600,5,1075,20802
16250,20,32627,Petrol,97,1,0,1400,5,1110,20273
15950,20,29797,Petrol,97,1,0,1400,5,1110,18515
16250,19,29441,Petrol,97,1,0,1400,5,1110,18294
15950,13,29371,Petrol,110,1,0,1600,4,1105,18250
16500,20,29000,Petrol,97,0,0,1400,5,1110,18020
16500,19,27821,Petrol,97,0,0,1400,5,1110,17287
18450,19,27371,Petrol,97,0,0,1400,5,1135,17008
16250,13,25170,Petrol,110,1,0,1600,5,1105,15640
23000,11,25000,Diesel,116,1,0,2000,5,1320,15534
19900,20,23000,Petrol,110,1,0,1600,5,1130,14292
16450,20,22588,Petrol,97,1,0,1400,5,1110,14036
23950,19,21684,Petrol,192,1,0,1800,5,1185,13474
19950,13,21428,Petrol,110,1,0,1600,5,1130,13315
18500,16,20629,Petrol,110,1,0,1600,4,1090,12818
18950,15,20270,Petrol,110,1,0,1600,5,1130,12595
16450,16,20105,Petrol,97,0,0,1400,5,1110,12493
20500,20,20000,Petrol,110,0,1,1600,5,1165,12427
24500,13,19988,Petrol,110,1,0,1600,5,1130,12420
19450,19,18328,Petrol,110,0,0,1600,5,1130,11388
20950,14,17896,Petrol,110,1,1,1600,4,1150,11120
17200,20,17300,Petrol,97,1,0,1400,5,1110,10750
19950,19,17038,Petrol,110,0,0,1600,5,1130,10587
18450,10,13747,Petrol,97,1,0,1400,5,1110,8542
19500,12,13634,Petrol,110,1,0,1600,5,1115,8472
21750,13,13178,Petrol,110,1,0,1600,5,1130,8188
16868,15,13157,Petrol,97,1,0,1400,4,1085,8175
19500,16,13000,Petrol,110,1,0,1600,4,1105,8078
18900,11,12500,Petrol,110,1,0,1600,5,1115,7767
19750,17,11999,Petrol,110,1,0,1600,5,1130,7456
19750,16,11754,Petrol,110,0,1,1600,5,1180,7304
18950,16,11000,Petrol,110,1,0,1600,4,1105,6835
20750,17,10000,Petrol,110,0,0,1598,5,1105,6214
19600,9,7650,Petrol,110,1,0,1600,5,1115,4753
19500,14,6500,Petrol,110,1,0,1600,4,1100,4039
17650,11,6155,Petrol,97,1,0,1400,5,1110,3825
19950,14,6000,Petrol,110,0,0,1600,5,1130,3728
19950,14,5459,Petrol,110,1,0,1600,5,1130,3392
20950,14,5278,Petrol,110,1,1,1600,4,1150,3280
20500,12,5000,Petrol,110,1,0,1600,5,1130,3107
17795,9,1,Petrol,98,1,0,1400,4,1065,1
18245,9,1,Petrol,110,1,0,1600,5,1075,1
23750,8,11000,Petrol,110,1,0,1600,5,1130,6835
19500,8,10077,Petrol,97,1,0,1400,5,1110,6262
18950,8,10000,Petrol,97,1,0,1400,5,1110,6214
21950,8,9788,Petrol,110,1,0,1600,5,1130,6082
19950,8,8574,Petrol,110,1,0,1600,5,1130,5328
18950,8,7000,Petrol,110,0,0,1600,5,1115,4350
19950,7,6250,Petrol,110,1,0,1600,5,1115,3884
21950,8,5000,Petrol,110,1,0,1600,5,1130,3107
22500,6,3000,Petrol,110,0,0,1600,5,1130,1864
18500,7,2000,Petrol,110,0,0,1600,5,1075,1243
18700,7,450,Petrol,97,1,0,1400,5,1110,280
21125,2,225,Petrol,97,1,0,1400,5,1110,140
21500,2,15,Petrol,110,1,0,1600,5,1130,9
17795,1,1,Petrol,98,1,0,1400,4,1100,1
18245,1,1,Petrol,110,1,0,1600,5,1075,1
6950,43,243000,Diesel,69,0,0,1900,3,1110,150993
9500,38,180638,Diesel,90,0,0,2000,4,1160,112243
11950,40,179860,Diesel,90,1,0,2000,5,1205,111760
7750,43,178858,CNG,110,0,0,1600,3,1084,111137
11950,40,161000,Diesel,69,1,0,1900,3,1105,100041
4350,44,158320,Diesel,69,0,0,1800,5,1110,98375
4750,44,131273,Diesel,69,1,0,1800,5,1110,81569
11750,40,130062,Diesel,69,1,0,1900,5,1140,80817
13250,41,123425,Diesel,69,1,0,1900,5,1140,76693
11950,37,118217,Petrol,110,1,0,1600,5,1075,73457
11900,44,110000,Diesel,69,1,0,1900,5,1095,68351
14750,39,108847,Diesel,90,1,0,2000,5,1205,67634
9950,42,105699,Petrol,97,1,0,1400,3,1025,65678
11950,39,98823,CNG,110,1,0,1600,5,1119,61406
11495,44,96829,Petrol,110,1,0,1600,5,1075,60167
11250,40,96518,Petrol,97,1,0,1400,3,1025,59973
10500,42,92204,Petrol,110,1,0,1600,5,1075,57293
10450,35,91456,Diesel,69,1,0,1900,3,1110,56828
12950,43,89968,Diesel,69,1,0,1900,5,1140,55904
11500,44,89757,Petrol,110,1,0,1600,3,1045,55772
12500,40,85389,Petrol,110,1,0,1600,5,1075,53058
10950,43,85017,Petrol,97,0,0,1400,5,1060,52827
11450,41,84312,Petrol,110,0,0,1600,5,1080,52389
11950,37,82743,CNG,110,1,0,1600,5,1121,51414
13250,41,81106,Diesel,69,1,0,1900,5,1140,50397
14750,40,80425,Diesel,90,1,0,2000,5,1205,49974
11790,34,78677,Petrol,110,1,1,1600,5,1105,48888
11450,40,78425,Petrol,110,1,0,1600,5,1075,48731
13500,33,78108,Diesel,90,1,0,2000,3,1170,48534
10950,33,77321,Petrol,110,1,0,1600,5,1075,48045
13500,33,75699,Diesel,69,0,0,1900,3,1105,47037
10950,41,75697,Petrol,97,1,0,1400,3,1025,47036
10950,44,74846,Petrol,97,1,0,1400,3,1025,46507
12950,38,74319,Petrol,110,1,0,1600,5,1075,46180
11950,43,74285,Petrol,110,1,0,1600,5,1075,46159
12450,44,74172,Petrol,110,1,0,1600,5,1615,46088
11950,40,73042,Petrol,110,1,0,1598,5,1075,45386
14950,44,71793,CNG,110,1,0,1600,4,1067,44610
12450,35,71200,Petrol,110,1,0,1600,5,1075,44242
12950,38,67805,Petrol,110,1,0,1600,5,1075,42132
11950,35,65988,Petrol,110,1,0,1600,3,1040,41003
11690,34,65345,Petrol,97,1,0,1400,5,1060,40603
12450,42,64564,Petrol,110,1,0,1600,5,1080,40118
12750,36,63459,Petrol,97,1,0,1400,5,1060,39432
11925,44,63451,Petrol,97,0,0,1400,3,1025,39427
12950,33,62000,Petrol,110,1,0,1600,5,1075,38525
11950,42,61300,Petrol,97,1,0,1400,3,1030,38090
12900,41,61200,Petrol,110,1,0,1600,3,1045,38028
11900,41,61000,Petrol,110,0,0,1600,5,1075,37904
11650,38,60829,Petrol,110,1,0,1600,5,1075,37797
10950,44,60500,Petrol,110,0,0,1600,5,1075,37593
13950,35,59500,Diesel,69,1,0,1900,3,1110,36972
13950,44,59000,Petrol,110,0,1,1600,5,1110,36661
11950,40,58954,Petrol,110,1,0,1600,5,1080,36632
10950,38,58798,Petrol,110,1,0,1600,5,1075,36535
12450,38,58363,Petrol,110,1,0,1600,3,1055,36265
11950,43,58277,Petrol,110,1,0,1600,3,1045,36212
13500,33,57711,Diesel,90,1,0,2000,3,1165,35860
11690,33,57269,Petrol,110,1,0,1600,5,1075,35585
13500,39,56001,Petrol,110,1,0,1600,5,1075,34797
11950,42,55968,Petrol,110,0,0,1600,3,1050,34777
12900,39,55678,Petrol,110,1,0,1600,4,1030,34597
13500,43,55539,Petrol,110,1,0,1600,5,1085,34510
11750,42,55400,Petrol,110,0,0,1600,5,1075,34424
11750,33,55350,Petrol,110,0,0,1600,5,1075,34393
10850,43,54600,Petrol,110,0,0,1600,4,1030,33927
11750,43,53773,Petrol,110,1,0,1600,5,1075,33413
14950,42,53719,Petrol,110,1,1,1600,5,1105,33379
9940,39,53644,Petrol,110,1,0,1600,5,1075,33333
12900,42,53350,Petrol,110,0,0,1600,5,1075,33150
13500,38,53000,Petrol,110,1,0,1600,5,1075,32933
11750,44,52084,Petrol,97,1,0,1400,3,1025,32363
11950,44,52000,Petrol,97,0,0,1400,3,1025,32311
13450,33,51945,Petrol,110,1,0,1600,5,1075,32277
11950,41,51732,Petrol,97,1,0,1400,3,1025,32145
12495,39,50873,Petrol,110,1,0,1600,5,1075,31611
13500,41,50856,Petrol,110,0,0,1600,4,1030,31600
12750,40,50640,Petrol,110,1,0,1600,5,1075,31466
12000,39,50000,Petrol,97,1,0,1400,5,1060,31069
11950,38,49500,Petrol,110,1,0,1600,5,1075,30758
12495,44,49332,Petrol,110,1,0,1600,5,1080,30653
12450,34,49291,Petrol,110,1,0,1600,3,1040,30628
14750,40,48952,Diesel,90,1,0,2000,5,1205,30417
10950,39,48945,Petrol,110,0,0,1600,3,1040,30413
13500,33,48928,Diesel,69,1,0,1900,3,1105,30402
12950,38,48197,Petrol,110,1,0,1600,5,1075,29948
13500,35,48052,Diesel,69,1,0,1900,3,1105,29858
13450,34,48011,Petrol,110,1,0,1600,4,1030,29833
13500,43,48000,Petrol,110,1,0,1600,5,1075,29826
11480,41,47350,Petrol,110,1,0,1600,5,1075,29422
13450,39,46821,Petrol,97,1,0,1400,5,1060,29093
11495,39,46694,Petrol,110,0,0,1600,3,1040,29014
12750,43,46515,Petrol,97,0,0,1400,5,1025,28903
14990,38,46327,Petrol,110,1,0,1600,3,1055,28786
12950,35,46304,Petrol,97,1,0,1400,5,1060,28772
12950,40,45886,Petrol,110,1,0,1600,5,1080,28512
12850,39,45713,Petrol,97,1,0,1400,5,1085,28405
13950,40,45600,Petrol,110,1,1,1600,5,1105,28335
11950,41,45287,Petrol,110,1,0,1600,5,1075,28140
12950,39,45081,Petrol,110,1,0,1600,5,1075,28012
11700,40,44830,Petrol,110,1,0,1600,5,1075,27856
9950,37,44757,Petrol,97,0,0,1400,3,1025,27811
11895,44,44218,Petrol,97,1,0,1400,5,1060,27476
12950,43,43632,Petrol,110,1,0,1600,5,1075,27112
12500,36,43427,Petrol,110,1,0,1600,3,1040,26984
13875,39,43254,Petrol,110,1,0,1600,5,1075,26877
10500,35,43000,Petrol,110,0,0,1600,3,1050,26719
12295,33,42823,Petrol,110,1,0,1600,5,1075,26609
13950,42,42560,Petrol,110,1,0,1600,5,1080,26446
10950,38,41754,Petrol,110,0,0,1600,3,1040,25945
12950,44,41499,CNG,110,1,0,1600,5,1103,25786
12850,40,41339,Petrol,110,1,0,1600,5,1080,25687
13995,35,41000,Petrol,110,1,0,1600,5,1075,25476
13750,39,40000,Petrol,110,1,0,1600,3,1055,24855
12750,37,39757,Petrol,110,1,0,1600,5,1075,24704
12500,41,39659,Petrol,110,1,0,1600,3,1045,24643
13950,43,39650,Petrol,110,0,0,1600,3,1055,24637
11500,39,39524,Petrol,97,1,0,1398,3,1025,24559
13950,44,39516,Petrol,97,1,0,1400,5,1060,24554
11895,41,39439,Petrol,97,0,0,1400,5,1060,24506
9950,44,39000,Petrol,97,1,0,1400,3,1025,24233
13500,42,38932,Petrol,110,1,0,1600,3,1040,24191
11450,37,38812,Petrol,97,0,0,1400,3,1025,24117
12450,42,38665,Petrol,110,1,0,1600,5,1075,24025
12950,40,38653,Petrol,110,1,0,1600,5,1080,24018
13995,44,38461,Petrol,110,1,0,1600,5,1080,23899
11750,42,38078,Petrol,97,0,0,1400,3,1025,23661
11650,39,37782,Petrol,97,1,0,1400,5,1060,23477
9950,43,37576,Petrol,97,0,0,1400,3,1030,23349
13950,41,37533,Petrol,110,1,0,1600,5,1075,23322
12950,44,37389,Petrol,110,1,0,1600,5,1080,23232
10950,38,37320,Petrol,97,1,0,1400,3,1025,23190
9900,42,37000,Petrol,97,1,0,1400,3,1025,22991
11950,44,37000,Petrol,110,0,0,1600,4,1075,22991
11990,40,36566,Petrol,110,0,0,1600,5,1090,22721
10750,36,36269,Petrol,110,1,0,1600,5,1075,22537
13950,37,36074,Petrol,110,1,1,1600,5,1075,22415
11250,44,36066,Petrol,110,1,0,1600,3,1040,22410
12950,39,34599,Petrol,110,1,0,1600,5,1075,21499
11950,41,34000,Petrol,110,1,0,1600,5,1075,21127
10950,42,33623,Petrol,97,1,0,1400,3,1025,20892
12950,33,33591,Petrol,110,1,0,1600,5,1075,20872
12950,35,33258,Petrol,110,1,0,1600,5,1075,20666
11695,43,33113,Petrol,110,1,0,1600,5,1075,20575
11000,41,33000,Petrol,110,1,1,1600,5,1075,20505
13950,35,32941,Petrol,110,1,0,1600,5,1080,20469
11950,38,32781,Petrol,110,0,0,1600,5,1075,20369
11750,40,32532,Petrol,110,1,0,1600,3,1040,20214
12400,34,32431,Petrol,97,1,0,1400,5,1060,20152
12500,35,32000,Petrol,110,0,0,1600,3,1040,19884
12900,33,31000,Petrol,110,1,0,1600,5,1075,19263
12200,41,30989,Petrol,110,0,0,1600,3,1045,19256
12750,43,30742,Petrol,110,1,0,1600,3,1040,19102
11950,42,30190,Petrol,110,1,0,1600,5,1075,18759
11900,41,29716,Petrol,116,1,0,1600,5,1075,18465
11950,44,29716,Petrol,110,1,1,1600,3,1070,18465
14950,42,29640,Petrol,110,0,0,1600,3,1055,18417
11950,41,29056,Petrol,97,1,0,1400,5,1060,18055
12950,33,28715,Petrol,110,1,0,1600,5,1075,17843
14950,41,28571,Petrol,110,0,0,1600,5,1090,17753
13450,40,28362,Petrol,110,1,0,1600,3,1040,17623
13750,38,28150,Petrol,110,1,0,1600,5,1075,17492
12950,43,27301,Petrol,110,1,0,1600,3,1040,16964
12750,33,27240,Petrol,110,1,0,1600,5,1075,16926
11895,39,27170,Petrol,97,1,0,1400,5,1060,16883
9950,42,27141,Petrol,97,1,0,1400,5,1060,16865
12450,38,26262,Petrol,110,1,0,1600,5,1075,16318
12500,38,26000,Petrol,97,1,0,1400,5,1060,16156
14950,43,25228,Petrol,110,1,0,1600,3,1045,15676
13750,39,25062,Petrol,110,1,0,1600,5,1080,15573
12695,39,24723,Petrol,110,1,1,1600,4,1060,15362
14990,33,24650,Petrol,110,1,0,1600,3,1055,15317
12750,43,24553,Petrol,110,1,0,1600,5,1080,15257
14350,41,24475,Petrol,110,1,0,1600,5,1030,15208
12950,39,24444,Petrol,110,1,0,1600,3,1040,15189
11500,35,24011,Petrol,97,0,0,1400,3,1025,14920
11950,41,24000,Petrol,97,1,0,1400,3,1025,14913
13450,40,23616,Petrol,110,1,0,1600,5,1075,14674
12900,38,22865,Petrol,110,1,0,1600,5,1075,14208
10500,41,22780,Petrol,86,1,0,1300,5,1035,14155
10950,35,21904,Petrol,97,0,0,1400,3,1025,13611
11950,41,21651,Petrol,97,0,0,1400,3,1025,13453
11450,37,21500,Petrol,110,1,0,1600,5,1030,13359
13250,44,21027,Petrol,110,1,0,1600,5,1080,13066
10250,39,18500,Petrol,110,0,0,1600,4,1030,11495
13995,35,18000,Petrol,110,1,0,1600,5,1075,11185
11950,40,17051,Petrol,97,0,0,1400,5,1060,10595
13250,33,16512,Petrol,97,1,0,1400,5,1085,10260
12950,40,16325,Petrol,110,1,0,1600,5,1080,10144
11750,38,16000,Petrol,97,1,0,1400,5,1060,9942
11500,39,12000,Petrol,110,1,0,1600,5,1075,7456
13500,43,10000,Petrol,97,1,0,1400,5,1060,6214
6500,53,216000,Diesel,69,0,0,1900,3,1110,134216
6400,51,198167,Diesel,69,0,0,1900,4,1095,123135
7000,53,176000,Diesel,69,0,0,1900,3,1105,109361
7750,54,174139,Diesel,72,1,0,2000,4,1100,108205
8900,45,174000,Diesel,69,1,0,1900,5,1095,108119
8500,55,150000,CNG,110,1,0,1600,3,1075,93206
8950,54,149329,Diesel,72,1,0,2000,5,1135,92789
9900,51,146736,Petrol,110,1,0,1600,5,1080,91177
10250,53,143513,Diesel,69,0,0,1900,5,1140,89175
9250,48,142130,CNG,110,0,0,1600,5,1119,88315
7750,48,140700,Diesel,69,1,0,1900,5,1110,87427
9450,54,138394,Diesel,69,1,0,1900,4,1095,85994
7750,55,137000,Diesel,72,1,0,2000,5,1135,85128
8250,52,135258,Diesel,69,1,0,1900,5,1140,84045
9950,49,131364,Petrol,110,1,0,1600,5,1075,81626
4450,56,129155,Diesel,69,0,0,1800,5,1110,80253
9950,50,126110,Petrol,110,0,0,1600,3,1055,78361
9000,48,119742,Petrol,110,1,0,1600,5,1080,74404
9950,53,117913,Diesel,69,1,0,1900,5,1110,73268
12450,47,117430,Diesel,90,1,0,2000,3,1165,72968
10500,55,117175,Petrol,110,1,0,1600,4,1035,72809
10750,54,115558,Petrol,110,1,0,1600,4,1035,71804
8950,53,115113,Petrol,97,1,0,1400,3,1025,71528
10500,54,115046,Diesel,69,1,0,1900,5,1140,71486
5150,56,113997,Diesel,72,1,0,2000,5,1135,70834
10950,49,107859,Petrol,97,0,0,1400,5,1060,67020
9450,52,104805,Petrol,97,1,0,1400,3,1025,65123
9950,54,103454,Petrol,110,1,0,1600,5,1075,64283
10950,51,103018,Diesel,69,0,0,1900,5,1140,64012
11900,47,102352,Petrol,110,1,0,1600,5,1080,63599
9950,50,102030,Petrol,97,1,0,1400,5,1060,63398
11950,54,101352,Petrol,110,0,0,1600,5,1080,62977
7900,50,99865,Petrol,110,1,0,1600,4,1035,62053
10950,52,99323,Petrol,110,1,0,1600,3,1055,61716
8950,48,98100,Diesel,69,1,0,1900,5,1140,60956
11950,51,98040,Petrol,110,0,0,1600,5,1080,60919
10900,49,97600,Petrol,110,1,0,1600,3,1045,60646
9950,55,97234,Petrol,110,0,0,1600,5,1080,60418
9950,51,96135,Diesel,72,0,0,2000,3,1115,59736
10950,54,96100,Petrol,110,1,0,1600,5,1080,59714
8950,55,94401,Diesel,72,0,0,2000,3,1115,58658
8950,55,94122,Petrol,86,1,0,1300,3,1015,58485
10500,49,91340,Petrol,110,1,0,1600,3,1055,56756
8950,53,90200,Petrol,97,0,0,1400,3,1025,56048
9250,53,90097,Diesel,69,1,0,1900,5,1140,55984
11500,48,89049,Petrol,97,1,0,1400,5,1060,55332
9750,52,89000,Petrol,110,0,0,1600,5,1075,55302
9950,45,87274,Petrol,110,1,0,1600,3,1040,54230
11450,49,86221,Petrol,110,0,0,1600,3,1045,53575
12500,54,84598,Petrol,110,0,0,1600,5,1075,52567
10500,50,83567,Petrol,110,0,0,1600,5,1075,51926
12950,50,83106,Petrol,110,1,0,1600,5,1075,51640
12200,50,82805,Petrol,110,1,0,1600,3,1040,51453
10950,50,82735,Petrol,97,1,0,1400,3,1030,51409
10950,54,81905,Petrol,110,1,0,1600,5,1105,50893
11290,49,80320,Petrol,110,1,1,1600,3,1070,49909
10750,49,80090,Petrol,97,1,0,1400,3,1030,49766
10895,53,79800,Petrol,110,0,0,1600,5,1075,49585
11500,47,78785,CNG,110,1,0,1600,5,1119,48955
9750,48,78600,Petrol,110,1,0,1600,5,1075,48840
10250,55,77780,Petrol,110,0,0,1600,3,1040,48330
12500,49,77648,Petrol,110,0,0,1600,4,1030,48248
11950,54,77270,Petrol,110,1,0,1600,4,1035,48013
10750,50,76167,Petrol,97,1,0,1400,5,1060,47328
11450,46,75249,Petrol,110,1,0,1600,4,1035,46758
11950,54,75231,Petrol,110,1,0,1600,5,1080,46746
11750,48,75045,Petrol,110,1,0,1600,3,1055,46631
10950,50,74849,Petrol,110,1,1,1600,4,1060,46509
11950,55,74715,Petrol,110,1,0,1600,5,1080,46426
10995,49,74656,Diesel,69,0,0,1900,3,1105,46389
11450,56,74500,Petrol,97,0,0,1400,3,1025,46292
8900,49,74494,Petrol,110,1,0,1600,5,1075,46288
10500,50,73634,Petrol,110,0,0,1587,5,1075,45754
11750,47,73403,Petrol,110,1,0,1600,5,1075,45610
11450,49,73175,Petrol,97,1,0,1400,3,1030,45469
12000,52,73000,Petrol,110,0,0,1600,3,1055,45360
11950,50,72242,Petrol,110,0,1,1600,3,1070,44889
9850,53,72000,Petrol,97,1,0,1400,3,1025,44739
10950,54,71725,Petrol,110,1,0,1600,4,1035,44568
10950,54,71276,Petrol,110,0,0,1600,5,1080,44289
8695,50,70440,Diesel,69,1,0,1900,3,1105,43769
10990,53,70239,Petrol,110,0,0,1600,3,1040,43644
9500,55,69813,Petrol,97,1,0,1400,3,1025,43380
11950,49,69659,Petrol,86,0,0,1300,3,1025,43284
10750,46,69574,Petrol,97,0,0,1400,5,1065,43231
8750,47,69000,Diesel,69,1,0,1900,5,1140,42875
8750,49,68565,Petrol,110,1,0,1600,4,1030,42604
11450,55,68520,Diesel,72,1,0,2000,3,1115,42576
9950,46,68414,Petrol,97,0,0,1400,3,1025,42510
11950,56,66777,Petrol,110,0,0,1600,5,1090,41493
13950,52,66527,Petrol,110,1,0,1600,5,1080,41338
11250,54,66063,Petrol,110,1,0,1600,5,1090,41050
10900,50,65471,Petrol,97,1,0,1400,5,1060,40682
9750,56,65400,Petrol,97,1,0,1400,3,1025,40638
9950,52,65170,Petrol,97,1,0,1400,3,1025,40495
11950,56,65000,Petrol,110,1,0,1600,5,1075,40389
10450,48,64193,Petrol,110,1,0,1600,3,1040,39888
8950,54,64000,Petrol,97,1,0,1400,3,1025,39768
10250,54,63792,Petrol,110,1,0,1600,5,1075,39638
9930,53,63635,Petrol,110,1,0,1600,4,1035,39541
10500,54,63135,Petrol,110,1,0,1600,3,1050,39230
11950,54,63123,Petrol,110,1,0,1600,4,1035,39223
11500,48,63000,Diesel,69,1,0,1900,5,1140,39146
11500,55,63000,Petrol,110,0,0,1600,4,1035,39146
11450,54,62987,Petrol,110,0,0,1600,5,1080,39138
9900,56,62751,Petrol,110,0,0,1600,3,1050,38992
9500,54,62519,Petrol,97,0,0,1400,3,1025,38847
10500,50,62280,Petrol,97,1,0,1400,5,1060,38699
10750,50,61672,Petrol,110,0,0,1600,5,1075,38321
8950,54,61000,Diesel,69,0,0,2000,5,1140,37904
12000,56,61000,Petrol,110,1,0,1600,3,1050,37904
9940,53,60558,Petrol,110,1,0,1600,4,1105,37629
10950,47,60348,Petrol,110,0,0,1600,4,1030,37498
10750,54,60239,Petrol,110,1,0,1600,5,1075,37431
9799,51,59000,Petrol,97,1,0,1400,3,1025,36661
11750,51,58761,Petrol,97,0,0,1300,5,1060,36512
11950,54,58745,Petrol,110,1,0,1600,4,1035,36502
11250,52,58596,Petrol,110,1,0,1600,3,1045,36410
11750,54,58530,Petrol,110,0,0,1600,5,1075,36369
10950,55,58377,Petrol,110,1,0,1600,3,1050,36274
11250,56,58142,Petrol,110,1,0,1600,5,1080,36128
9950,53,57948,Petrol,97,1,0,1400,3,1025,36007
9700,51,57645,Petrol,110,0,0,1600,5,1080,35819
11950,47,57500,Petrol,110,1,0,1600,4,1105,35729
9900,53,57475,Petrol,110,0,0,1600,3,1040,35713
9990,55,56743,Petrol,110,0,0,1600,3,1045,35258
9475,48,56675,Petrol,97,1,0,1400,3,1025,35216
11500,54,55877,Petrol,110,1,0,1600,5,1075,34720
11950,53,55500,Petrol,110,1,0,1600,4,1035,34486
11500,55,54900,Petrol,97,1,0,1400,5,1060,34113
10500,50,54465,Petrol,110,0,0,1600,5,1075,33843
10900,46,53700,Petrol,97,1,0,1400,5,1060,33368
11700,52,53561,Petrol,97,1,0,1400,5,1060,33281
11900,51,53408,Petrol,110,1,0,1600,5,1080,33186
13950,51,53268,Petrol,110,1,0,1600,5,1080,33099
10950,49,53116,Petrol,97,1,0,1400,3,1025,33005
10500,56,52448,Petrol,97,0,0,1400,3,1025,32590
10750,55,52149,Petrol,97,1,0,1400,3,1085,32404
11950,55,52141,Petrol,110,1,0,1600,5,1070,32399
10000,56,52000,Petrol,97,0,0,1400,3,1025,32311
10495,48,50967,Petrol,97,1,0,1400,5,1060,31669
11450,50,50400,Petrol,110,0,0,1600,5,1080,31317
9400,54,50000,Petrol,97,1,0,1400,3,1025,31069
11950,51,50000,Petrol,86,1,0,1300,5,1045,31069
9650,53,49969,Petrol,110,0,0,1600,5,1075,31049
18950,49,49568,Petrol,110,1,0,1600,3,1105,30800
11450,51,49473,Petrol,110,0,0,1600,3,1055,30741
10250,52,49432,Petrol,110,1,0,1600,3,1050,30716
11450,48,49417,Petrol,110,1,0,1600,3,1045,30706
9950,54,49366,Petrol,97,1,0,1400,3,1025,30675
10500,56,48731,Petrol,110,1,0,1600,3,1055,30280
13750,54,48370,Petrol,110,1,0,1600,5,1080,30056
9950,48,48071,Petrol,97,0,0,1400,3,1025,29870
10250,54,47852,Petrol,110,1,0,1600,4,1030,29734
10850,54,47768,Petrol,110,0,0,1600,3,1055,29682
11895,52,47689,Petrol,110,0,0,1600,5,1075,29633
12950,53,47451,Petrol,110,1,0,1600,3,1055,29485
11950,50,47219,Petrol,110,1,0,1600,5,1080,29341
10750,56,47211,Petrol,110,1,0,1600,5,1070,29336
9550,54,46856,Petrol,97,0,0,1400,5,1060,29115
10950,56,46500,Petrol,86,0,0,1300,5,1035,28894
11750,52,46449,Petrol,110,1,0,1600,4,1035,28862
10950,47,46391,Petrol,110,0,0,1600,5,1075,28826
12450,54,46230,Petrol,110,1,0,1600,3,1055,28726
10500,52,46029,Petrol,110,1,0,1600,4,1030,28601
10900,50,46000,Petrol,97,0,0,1400,3,1025,28583
12950,50,45900,Petrol,110,1,0,1600,5,1075,28521
10950,47,45850,Petrol,97,0,0,1400,5,1060,28490
12500,56,45336,Petrol,110,1,0,1600,5,1080,28170
9950,55,44537,Petrol,97,0,0,1400,3,1025,27674
10750,56,43700,Petrol,86,1,0,1300,3,1025,27154
12500,48,43120,Petrol,97,1,0,1400,3,1030,26794
10450,49,41710,Petrol,110,0,0,1600,3,1040,25917
10750,52,41700,Petrol,97,1,0,1400,3,1025,25911
12950,49,41636,Petrol,110,1,0,1600,5,1105,25871
10995,50,41273,Petrol,97,0,0,1400,5,1060,25646
11950,49,40836,Petrol,110,0,1,1600,3,1075,25374
11250,50,40400,Petrol,97,1,0,1400,5,1060,25103
11950,47,40361,Petrol,110,1,0,1600,5,1090,25079
13750,54,40325,Petrol,86,0,0,1300,5,1045,25057
11000,47,40000,Petrol,110,0,0,1600,5,1080,24855
13500,50,39706,Petrol,110,1,0,1600,5,1080,24672
10950,54,39291,Petrol,110,1,0,1600,3,1040,24414
10750,54,39000,Petrol,97,0,0,1400,3,1025,24233
8950,47,38900,Petrol,97,1,0,1400,3,1025,24171
12950,51,38403,Petrol,110,0,0,1600,3,1055,23863
9750,56,37461,Petrol,97,0,0,1400,3,1025,23277
10900,54,37000,Petrol,97,1,0,1400,3,1025,22991
10995,55,36406,Petrol,110,1,0,1600,4,1035,22622
10750,48,36005,Petrol,97,1,0,1400,5,1065,22372
10950,52,36000,Petrol,110,1,0,1600,5,1075,22369
13000,49,36000,Petrol,110,0,0,1600,5,1080,22369
12950,45,36000,Petrol,110,1,1,1600,3,1070,22369
11500,52,35823,Petrol,110,0,0,1600,5,1075,22259
10950,56,35230,Petrol,97,0,0,1400,3,1025,21891
11710,48,35142,Petrol,110,0,0,1600,3,1055,21836
9980,49,34890,Petrol,97,0,0,1400,3,1025,21680
12250,51,34882,Petrol,110,1,0,1600,5,1075,21675
11500,46,34000,Petrol,110,1,0,1600,5,1075,21127
11950,56,33998,Petrol,110,0,0,1600,5,1080,21125
11500,55,33230,Petrol,110,0,0,1600,3,1050,20648
11900,46,33021,Petrol,110,1,0,1600,5,1080,20518
11930,49,31999,Petrol,97,0,0,1400,3,1030,19883
10500,52,31579,Petrol,97,0,0,1400,3,1025,19622
8950,56,31000,Petrol,97,0,0,1400,3,1025,19263
10450,46,30806,Petrol,97,1,0,1400,5,1060,19142
10500,55,30461,Petrol,86,1,0,1300,5,1050,18928
12950,50,29686,Petrol,110,1,1,1600,3,1075,18446
9950,55,29650,Petrol,86,0,0,1300,3,1025,18424
12900,52,29500,Petrol,110,1,0,1600,3,1055,18330
9950,48,28656,Petrol,97,0,0,1400,3,1085,17806
9950,55,27500,Petrol,97,1,0,1400,3,1025,17088
10950,48,26938,Petrol,110,1,0,1600,3,1040,16738
10950,53,26624,Petrol,97,0,0,1400,5,1060,16543
9950,47,26221,Petrol,97,1,0,1400,3,1025,16293
10950,50,22648,Petrol,97,1,0,1400,5,1060,14073
10800,50,22500,Petrol,97,1,0,1400,3,1025,13981
10500,56,19313,Petrol,97,0,0,1400,3,1025,12001
10450,50,17619,Petrol,110,0,0,1600,4,1030,10948
10600,51,17069,Petrol,97,1,0,1400,3,1025,10606
10450,48,15000,Petrol,97,1,0,1400,3,1025,9321
12950,50,10210,Petrol,97,0,0,1400,5,1065,6344
11250,47,5309,Petrol,110,1,1,1600,3,1070,3299
7500,50,1,Diesel,90,1,0,2000,3,1260,1
8950,52,31000,Petrol,97,0,0,1398,3,1025,19263
6950,58,205000,Diesel,72,1,0,2000,4,1100,127381
7900,68,204250,Diesel,72,0,0,2000,3,1115,126915
5950,68,194545,Petrol,86,0,0,1300,4,1000,120885
7500,59,190900,Diesel,72,1,0,2000,3,1115,118620
7500,62,183500,Diesel,72,1,0,2000,5,1140,114022
6900,65,176184,Diesel,72,1,0,2000,3,1115,109476
5751,67,174833,Diesel,72,0,0,2000,4,1100,108636
6950,68,155720,Petrol,86,1,0,1300,3,1015,96760
7950,67,155500,Petrol,110,1,0,1600,5,1050,96623
7750,59,154783,Diesel,72,1,0,2000,3,1120,96178
7950,64,154462,Diesel,72,1,0,2000,5,1135,95978
8250,64,150585,Petrol,110,1,0,1600,3,1065,93569
6250,67,149000,Diesel,90,1,0,2000,5,1135,92584
9500,62,147636,Diesel,72,0,0,2000,5,1135,91737
6900,59,144521,Diesel,72,1,0,2000,5,1135,89801
8450,64,144000,CNG,110,1,0,1600,3,1065,89477
7350,65,140168,Diesel,72,1,0,2000,3,1115,87096
8950,68,140000,Petrol,110,1,0,1600,5,1085,86992
6900,60,139800,Diesel,72,0,0,2000,3,1115,86868
8950,59,137050,CNG,110,1,0,1600,3,1078,85159
8750,61,136956,Petrol,110,0,0,1600,3,1065,85100
7950,67,135337,CNG,110,1,0,1600,5,1120,84094
8950,64,133769,Diesel,72,1,0,2000,3,1120,83120
8950,58,133405,Diesel,72,1,0,2000,5,1135,82894
8950,65,132807,Diesel,72,1,0,2000,5,1135,82522
7950,64,132393,Diesel,72,0,0,2000,5,1135,82265
7750,60,130270,Petrol,110,0,0,1600,3,1050,80946
7500,59,130000,Diesel,72,1,0,2000,4,1135,80778
8950,67,127000,Diesel,72,1,0,2000,5,1135,78914
9800,67,126800,Diesel,72,0,0,2000,5,1135,78790
9450,66,126452,Petrol,110,1,0,1600,5,1085,78574
8950,62,125175,Diesel,116,0,0,2000,5,1150,77780
8750,68,125000,Diesel,72,1,0,2000,3,1115,77671
10500,61,123000,Diesel,72,0,0,2000,5,1135,76429
7995,59,121626,Petrol,86,0,0,1300,5,1050,75575
10450,64,120400,Petrol,110,0,0,1600,5,1090,74813
9950,66,120000,Diesel,72,0,0,2000,4,1100,74565
9950,68,119541,Petrol,110,0,0,1600,3,1055,74279
8950,68,119500,Petrol,110,1,0,1600,5,1070,74254
7950,68,119289,Petrol,110,1,0,1600,4,1035,74123
10950,57,118833,Petrol,110,0,0,1600,3,1065,73839
9950,64,118000,Diesel,72,1,0,2000,5,1150,73322
8600,68,117955,Petrol,110,1,1,1600,4,1065,73294
7250,65,117609,Petrol,86,0,0,1300,3,1015,73079
6950,68,117000,Diesel,72,0,0,2000,3,1115,72700
8000,64,116000,Petrol,86,0,0,1300,5,1045,72079
9950,58,115715,Petrol,110,0,0,1600,5,1070,71902
9450,60,115191,CNG,110,1,0,1600,4,1079,71576
7950,68,115071,Petrol,110,1,0,1600,3,1055,71502
9450,63,115000,CNG,110,0,0,1600,3,1109,71458
9950,64,114846,Petrol,110,1,0,1600,5,1075,71362
6950,65,114383,Diesel,90,0,0,2000,3,1260,71074
8250,59,113700,Petrol,110,1,0,1600,5,1065,70650
9950,67,113118,Petrol,86,1,0,1300,3,1020,70288
8250,59,112827,Petrol,86,1,0,1300,5,1040,70107
9950,68,112116,Petrol,110,1,0,1600,5,1070,69666
10500,66,112000,Petrol,110,1,0,1600,3,1065,69594
7950,62,112000,Diesel,72,0,0,2000,4,1135,69594
9750,65,111769,Petrol,110,0,0,1600,3,1065,69450
9250,61,110853,Petrol,110,1,0,1600,5,1070,68881
9500,68,110287,Petrol,110,1,0,1600,3,1050,68529
9950,62,109547,Petrol,110,0,0,1600,5,1075,68069
7750,63,109230,Petrol,110,0,0,1600,3,1050,67872
9500,68,109150,Petrol,110,0,0,1600,5,1075,67823
9950,67,108793,Petrol,110,1,0,1600,4,1035,67601
9750,64,106784,Petrol,110,0,1,1600,3,1050,66352
9750,58,105942,Petrol,86,0,0,1300,5,1040,65829
5950,59,105000,Petrol,86,1,0,1300,3,1015,65244
8500,62,105000,Petrol,86,0,0,1300,5,1040,65244
8495,68,104299,Petrol,110,1,0,1600,5,1085,64808
9250,67,104000,Petrol,86,0,0,1300,3,1020,64623
6900,68,104000,Petrol,86,1,0,1300,3,1015,64623
8950,58,103458,Petrol,86,1,0,1300,3,1025,64286
9500,63,103400,Petrol,110,1,0,1600,5,1075,64250
9250,63,102807,Petrol,86,0,0,1300,5,1055,63881
9895,68,102494,Petrol,110,0,0,1600,5,1090,63687
9950,57,102300,Diesel,72,1,0,2000,5,1135,63566
7950,61,102106,Petrol,110,0,0,1600,3,1050,63446
8750,68,101889,Petrol,110,1,0,1600,5,1075,63311
8250,57,101791,Diesel,72,0,0,2000,3,1115,63250
8950,63,101469,Petrol,110,1,0,1600,3,1065,63050
8950,68,101001,Petrol,110,0,0,1600,5,1075,62759
8950,61,100748,Petrol,110,0,0,1600,5,1070,62602
8950,65,100550,Petrol,110,1,0,1600,5,1075,62479
9450,67,99781,Petrol,110,1,0,1600,5,1085,62001
8950,59,98658,Petrol,86,1,0,1300,3,1020,61303
9250,65,98500,Petrol,110,1,0,1600,5,1075,61205
8750,64,98291,Petrol,86,0,0,1300,4,1000,61075
9950,61,97648,Petrol,110,1,0,1600,3,1065,60676
9950,61,97425,Petrol,110,1,0,1600,5,1075,60537
9900,65,97173,Petrol,86,0,0,1300,3,1015,60380
8950,66,97046,Petrol,86,1,0,1300,4,1000,60302
8950,67,96000,Petrol,110,1,0,1600,3,1050,59652
12250,60,96000,Diesel,72,0,0,2000,4,1100,59652
9250,67,95750,Petrol,110,1,0,1600,5,1070,59496
10250,61,95147,Petrol,110,1,0,1600,3,1050,59122
8950,68,95000,Petrol,110,0,0,1600,3,1050,59030
7999,65,95000,Petrol,110,1,0,1600,3,1050,59030
9900,66,94606,Petrol,110,0,0,1600,3,1065,58785
8250,63,94504,Petrol,86,1,0,1300,4,1000,58722
10500,65,93428,Petrol,110,1,0,1600,5,1075,58053
8450,65,93408,Petrol,86,0,0,1300,3,1015,58041
9900,68,93296,Petrol,110,1,0,1600,5,1090,57971
10500,62,93098,Petrol,110,1,0,1600,5,1075,57848
8500,67,92922,Diesel,72,1,0,2000,4,1100,57739
9500,61,92498,Petrol,110,1,0,1600,3,1050,57476
9450,65,92226,Petrol,110,0,0,1600,3,1065,57307
9900,68,91505,Diesel,72,0,0,2000,3,1115,56859
8250,64,91333,Petrol,110,1,0,1600,3,1050,56752
8750,65,91246,Petrol,86,1,0,1300,3,1015,56698
9500,58,91000,Petrol,110,1,0,1600,5,1075,56545
8450,68,90727,Petrol,110,0,0,1600,3,1050,56375
8490,62,90000,Petrol,110,0,0,1600,3,1050,55923
8750,60,89576,Petrol,110,0,0,1600,4,1035,55660
9750,64,89145,Petrol,86,1,0,1300,3,1025,55392
9950,63,89000,Petrol,110,1,0,1600,5,1085,55302
8500,68,88807,Petrol,110,0,0,1600,3,1050,55182
8450,63,88685,Petrol,110,0,0,1600,5,1070,55106
7900,62,88667,Petrol,110,1,0,1600,4,1040,55095
8750,57,88480,Petrol,110,1,0,1600,3,1050,54979
7950,61,88127,Petrol,86,0,0,1300,3,1015,54760
6900,62,88000,Petrol,86,0,0,1300,3,1020,54681
8150,65,87821,Petrol,86,1,0,1300,3,1015,54569
10995,59,87654,Petrol,86,1,1,1300,5,1065,54466
8900,59,86888,Petrol,110,1,0,1600,3,1050,53990
9500,59,86871,Petrol,86,1,0,1300,5,1040,53979
8950,68,86714,Petrol,110,1,0,1600,4,1035,53882
11500,65,85889,Petrol,110,0,0,1600,3,1065,53369
10450,62,85000,Petrol,110,1,0,1600,3,1050,52817
10500,60,85000,Petrol,86,1,0,1300,3,1025,52817
9250,68,84976,Petrol,110,1,0,1600,4,1035,52802
10950,65,84558,Petrol,110,1,0,1600,5,1120,52542
10450,62,84549,Petrol,110,0,0,1600,5,1075,52536
9250,68,84482,Petrol,110,1,0,1600,5,1075,52495
8750,62,83908,Petrol,110,1,0,1600,5,1070,52138
8750,67,83560,Petrol,86,0,0,1300,3,1015,51922
9800,68,83000,Petrol,107,1,1,1600,5,1100,51574
8250,64,82723,Petrol,86,0,0,1300,3,1015,51402
10450,62,82421,Petrol,110,1,0,1600,3,1065,51214
9750,58,82254,Petrol,110,0,0,1600,5,1050,51110
8950,61,82115,Petrol,110,1,0,1600,3,1055,51024
7450,65,82000,Petrol,86,1,0,1300,3,1015,50952
8450,68,81965,Petrol,86,1,0,1300,5,1035,50931
8250,66,81250,Petrol,110,0,0,1600,3,1050,50486
10950,65,81192,Petrol,110,1,0,1600,3,1065,50450
8950,61,81170,Petrol,110,1,0,1600,4,1040,50437
8750,66,81083,Petrol,86,0,0,1300,3,1015,50383
10450,61,80714,Petrol,110,1,0,1600,5,1075,50153
10950,57,80470,Petrol,110,0,0,1600,5,1085,50002
8450,65,80439,Petrol,110,1,0,1600,4,1035,49982
9950,59,80430,Petrol,110,1,0,1600,3,1065,49977
9950,68,80426,Petrol,110,1,0,1600,3,1055,49974
8750,62,80265,Petrol,86,0,0,1300,3,1015,49874
9950,65,80153,Petrol,110,0,0,1600,5,1070,49805
9500,68,80121,Petrol,110,0,0,1600,5,1070,49785
8250,65,80086,Petrol,110,1,0,1600,4,1035,49763
10950,62,80000,Petrol,110,0,0,1600,5,1075,49710
7950,60,80000,Petrol,86,0,0,1300,5,1015,49710
8250,65,80000,Petrol,86,1,0,1300,2,1015,49710
9895,67,79858,Petrol,110,1,0,1600,4,1040,49621
9130,67,79762,Petrol,86,1,0,1300,3,1015,49562
10950,59,79660,Petrol,86,0,1,1300,5,1065,49498
10500,60,79150,Petrol,110,1,0,1600,5,1075,49182
8900,61,79000,Petrol,110,1,0,1600,3,1050,49088
9500,57,78955,Petrol,86,1,0,1300,5,1045,49060
10950,59,78750,Diesel,90,1,0,1975,5,1155,48933
7950,68,78521,Petrol,86,0,0,1300,3,1015,48791
7950,64,78356,Petrol,86,1,0,1300,3,1015,48688
7950,65,78076,Petrol,86,1,0,1300,3,1015,48514
9500,61,78063,Petrol,107,1,1,1600,5,1100,48506
10950,67,77821,Petrol,110,1,0,1600,5,1075,48356
9750,68,77695,Petrol,110,1,0,1600,4,1035,48277
9750,65,77500,Petrol,110,1,0,1600,3,1050,48156
9450,63,77457,Petrol,110,1,0,1600,3,1055,48130
8950,68,77029,Petrol,86,1,0,1300,3,1015,47864
8950,68,77008,Petrol,86,1,0,1300,3,1015,47851
8900,66,76791,Petrol,110,1,0,1600,5,1070,47716
9950,61,76700,Petrol,86,1,0,1300,5,1035,47659
8750,67,76569,Petrol,86,1,0,1300,3,1020,47578
8950,59,76162,Petrol,110,1,0,1600,5,1075,47325
8990,65,76155,Petrol,110,1,0,1600,4,1035,47321
8950,61,75609,Petrol,86,1,0,1300,3,1015,46981
8950,62,75569,Diesel,72,1,0,2000,3,1120,46956
9950,67,75429,Petrol,110,1,0,1600,3,1065,46869
9900,68,75000,Petrol,110,1,0,1600,5,1075,46603
8950,65,75000,Petrol,86,0,0,1300,3,1015,46603
8950,62,75000,Petrol,110,1,0,1600,5,1070,46603
9500,66,74963,Petrol,107,0,1,1600,3,1085,46580
7950,68,74889,Petrol,86,1,0,1300,3,1015,46534
7750,68,74875,Petrol,110,0,0,1600,5,1070,46525
8950,63,74747,Petrol,110,1,0,1600,5,1075,46446
11950,60,74720,Petrol,110,1,0,1600,5,1085,46429
8950,62,74457,Petrol,110,0,0,1600,5,1075,46265
11950,60,74337,Petrol,86,0,0,1300,5,1035,46191
8950,68,74308,Petrol,110,0,0,1600,3,1050,46173
9950,64,74193,Petrol,110,0,0,1600,3,1050,46101
8250,65,74179,Petrol,110,1,0,1600,3,1050,46093
8995,67,73936,Petrol,86,1,0,1300,5,1050,45942
9995,61,73894,Petrol,110,1,0,1600,3,1065,45916
9250,64,73500,Petrol,110,1,0,1600,3,1050,45671
10950,64,73376,Petrol,110,0,0,1600,5,1070,45594
8900,64,73300,Petrol,86,1,0,1300,3,1015,45546
9500,58,73172,Petrol,110,1,0,1600,5,1075,45467
9950,58,72928,Petrol,110,1,0,1600,5,1075,45315
7950,67,72880,Petrol,86,1,0,1332,3,1015,45286
8250,63,72522,Petrol,110,1,0,1600,3,1050,45063
9450,64,72000,Petrol,86,1,0,1300,3,1015,44739
7950,57,72000,Petrol,86,0,0,1300,3,1015,44739
9500,59,71366,Petrol,110,0,0,1600,3,1065,44345
8950,65,71317,Petrol,110,0,0,1600,3,1050,44314
10950,62,71000,Petrol,110,0,0,1600,5,1070,44117
8950,60,70954,Petrol,110,0,0,1600,3,1050,44089
9450,63,70908,Petrol,86,0,0,1300,5,1035,44060
8000,58,70560,Petrol,110,1,0,1600,3,1050,43844
9900,67,70552,Petrol,110,0,0,1600,5,1075,43839
8950,62,70500,Petrol,110,1,0,1600,5,1035,43807
10900,60,70453,Diesel,72,0,0,2000,5,1135,43777
9450,59,70218,Petrol,110,1,0,1600,3,1050,43631
8450,64,70116,Petrol,110,1,0,1600,4,1035,43568
9500,65,70068,Petrol,110,1,0,1600,5,1075,43538
10500,67,70000,Petrol,107,1,1,1587,3,1065,43496
6950,68,70000,Petrol,86,1,0,1300,3,1015,43496
9750,68,69103,Petrol,110,0,0,1600,4,1035,42939
6950,58,69022,Petrol,86,1,0,1300,5,1035,42888
9650,67,69000,Petrol,110,1,0,1600,3,1065,42875
9950,68,68865,Petrol,110,1,0,1600,3,1065,42791
9250,58,68723,Petrol,86,0,0,1300,3,1025,42702
8950,63,68453,Petrol,110,1,0,1600,5,1070,42535
9900,63,68238,Petrol,86,0,0,1300,5,1050,42401
10995,63,68153,Petrol,110,1,0,1600,5,1085,42348
10500,65,68000,Petrol,110,0,0,1600,5,1075,42253
8950,65,68000,Petrol,86,1,0,1300,3,1015,42253
9750,67,67762,Petrol,110,1,0,1600,3,1065,42105
10950,68,67146,Petrol,110,1,0,1600,5,1075,41723
9750,67,67110,Petrol,86,1,0,1300,5,1035,41700
9950,59,67010,Petrol,110,1,0,1600,3,1065,41638
10500,65,67003,Petrol,110,1,0,1600,4,1035,41634
10400,68,66785,Petrol,86,0,1,1300,3,1045,41498
8800,68,66550,Petrol,86,0,0,1332,3,1010,41352
10500,61,66259,Petrol,110,1,0,1600,3,1065,41171
9250,62,66082,Petrol,110,0,0,1600,5,1070,41061
7800,65,66000,Petrol,86,1,0,1300,3,1015,41010
9950,61,66000,Petrol,110,0,0,1600,3,1050,41010
10750,63,65896,Petrol,110,1,0,1600,3,1065,40946
10950,67,65785,Petrol,110,1,0,1600,5,1075,40877
9950,65,65513,Petrol,110,1,1,1600,4,1070,40708
9950,59,65463,Petrol,110,1,0,1600,5,1070,40677
8100,68,65400,Petrol,86,1,0,1300,4,1000,40638
9250,60,65259,Petrol,110,1,0,1600,3,1050,40550
7800,64,65000,Petrol,110,1,0,1600,3,1050,40389
9000,68,65000,Petrol,110,0,0,1600,5,1070,40389
8950,57,65000,Petrol,110,0,0,1600,4,1035,40389
8950,62,64966,Petrol,86,0,0,1300,3,1020,40368
9950,68,64950,Petrol,110,1,0,1600,5,1075,40358
8500,60,64914,Petrol,110,1,0,1600,5,1070,40336
7995,62,64797,Petrol,110,1,0,1600,5,1075,40263
8750,65,64772,Petrol,110,1,0,1600,3,1050,40247
9750,63,64690,Petrol,86,0,0,1300,3,1020,40196
10950,65,64630,Petrol,110,0,0,1600,5,1070,40159
9750,67,64613,Petrol,110,1,0,1600,5,1085,40149
8200,60,64383,Petrol,86,0,0,1300,3,1015,40006
8950,68,64000,Petrol,110,0,0,1600,5,1075,39768
9500,66,63881,Petrol,86,0,0,1300,3,1015,39694
10950,58,63870,Diesel,72,0,0,2000,5,1135,39687
9750,66,63328,Petrol,86,0,1,1300,5,1065,39350
9950,65,63000,Petrol,86,1,1,1300,5,1065,39146
10450,61,63000,Petrol,86,0,1,1300,3,1050,39146
9850,65,62396,Petrol,110,0,0,1600,3,1050,38771
9450,62,62377,Petrol,110,1,0,1600,5,1075,38759
10295,67,62316,Petrol,110,1,0,1600,3,1050,38721
9750,68,62292,Petrol,110,1,0,1600,3,1065,38706
8950,65,62225,Petrol,110,1,0,1600,3,1050,38665
9900,68,62222,Petrol,110,0,0,1600,5,1075,38663
8750,66,62135,Petrol,86,1,0,1300,5,1035,38609
9950,58,62024,Petrol,110,1,0,1600,5,1075,38540
8500,60,61977,Petrol,86,1,0,1300,3,1015,38511
9950,62,61930,Petrol,110,1,0,1600,4,1035,38482
10950,57,61682,Petrol,110,0,0,1600,3,1050,38327
9795,68,61568,Petrol,110,1,0,1600,4,1035,38257
8750,68,61504,Petrol,110,1,0,1600,4,1035,38217
8250,65,61384,Petrol,110,1,0,1600,3,1050,38142
9950,58,61343,Petrol,110,1,0,1600,5,1075,38117
9950,62,61254,Petrol,110,0,0,1600,5,1075,38061
10500,59,61166,Petrol,110,1,0,1600,3,1050,38007
9750,62,61149,Petrol,86,1,0,1300,5,1040,37996
11250,61,61144,Petrol,110,1,0,1600,5,1090,37993
8900,59,61127,Petrol,110,1,0,1600,3,1050,37983
7950,60,61100,Petrol,86,1,0,1300,3,1015,37966
11500,68,61100,Petrol,110,1,0,1600,5,1075,37966
9450,57,61000,Petrol,110,1,0,1600,3,1050,37904
7995,65,60724,Petrol,86,1,0,1300,3,1015,37732
10995,59,60708,Petrol,86,1,0,1300,5,1045,37722
8950,61,60532,Petrol,110,1,0,1600,3,1050,37613
8250,67,60000,Petrol,86,0,1,1300,4,1030,37282
8950,66,60000,Petrol,86,1,0,1300,3,1015,37282
8950,65,60000,Petrol,86,1,0,1300,3,1015,37282
9500,62,59295,Petrol,86,0,0,1300,5,1035,36844
7500,65,59264,Petrol,86,0,0,1300,3,1015,36825
8950,63,59000,Petrol,110,0,0,1600,3,1050,36661
9950,63,59000,Petrol,86,1,0,1300,5,1035,36661
9750,65,59000,Petrol,110,0,0,1600,5,1075,36661
9450,61,59000,Petrol,110,1,0,1600,5,1070,36661
9950,65,59000,Petrol,110,0,0,1600,3,1050,36661
9750,68,58860,Petrol,110,1,0,1600,3,1055,36574
8950,65,58829,Petrol,110,0,0,1600,3,1050,36555
8250,66,58654,Petrol,110,1,0,1600,5,1070,36446
7750,65,58300,Petrol,86,1,0,1300,3,1015,36226
8950,60,58269,Petrol,110,1,0,1600,3,1050,36207
9950,64,58136,Petrol,110,1,0,1600,5,1075,36124
9450,66,58113,Petrol,107,1,1,1600,3,1085,36110
12950,67,58058,Petrol,110,1,0,1600,3,1065,36076
9950,58,58000,Petrol,110,1,0,1600,3,1050,36040
10495,62,58000,Petrol,110,1,0,1600,3,1065,36040
7950,68,57565,Petrol,86,1,0,1300,5,1035,35769
10500,63,57413,Petrol,107,0,1,1600,5,1115,35675
8950,65,57374,Petrol,110,1,0,1600,5,1075,35651
9900,62,57179,Petrol,110,1,0,1600,5,1075,35529
9995,61,57169,Petrol,110,1,0,1600,3,1065,35523
9950,63,57124,Petrol,110,1,0,1600,3,1065,35495
9950,63,57000,Petrol,110,1,0,1600,3,1050,35418
8250,67,57000,Petrol,110,0,0,1600,3,1050,35418
9950,63,57000,Petrol,86,1,0,1300,5,1035,35418
8950,59,56259,Petrol,86,0,0,1300,3,1015,34958
10950,62,56209,Petrol,107,1,1,1600,3,1080,34927
9250,67,56074,Petrol,86,0,0,1300,4,1000,34843
9950,63,55942,Petrol,110,1,0,1600,5,1070,34761
9995,57,55844,Petrol,86,1,0,1300,5,1045,34700
8750,61,55747,Petrol,86,0,0,1300,3,1020,34640
10950,58,55478,Petrol,86,0,0,1300,5,1045,34472
10350,60,55085,Petrol,107,0,1,1600,5,1105,34228
9950,65,55061,Petrol,110,1,0,1600,5,1070,34213
8950,65,55000,Petrol,86,1,0,1300,3,1015,34175
10950,57,55000,Petrol,110,0,0,1600,5,1075,34175
10950,63,54936,Petrol,110,1,0,1600,5,1075,34136
8950,68,54875,Petrol,110,1,0,1600,5,1070,34098
8900,67,54847,Petrol,110,0,0,1600,3,1050,34080
10250,60,54554,Petrol,110,1,0,1600,3,1065,33898
9450,61,54125,Petrol,110,1,0,1600,5,1035,33632
9250,61,54000,Petrol,110,1,0,1600,3,1055,33554
10500,57,54000,Petrol,110,1,0,1600,5,1075,33554
7350,58,54000,Petrol,86,0,0,1300,5,1035,33554
10250,57,54000,Petrol,110,1,0,1600,3,1135,33554
10250,62,53285,Petrol,110,1,0,1600,5,1075,33110
11500,65,53053,Petrol,110,1,0,1600,5,1075,32966
8950,68,53000,Petrol,110,1,1,1587,3,1075,32933
7750,68,53000,Petrol,86,0,0,1300,3,1015,32933
9500,64,52968,Petrol,110,1,0,1600,3,1050,32913
8450,67,52800,Petrol,86,1,0,1300,3,1015,32808
8950,57,52548,Petrol,110,0,0,1600,3,1050,32652
8400,60,52487,Petrol,110,1,0,1600,4,1035,32614
9250,66,52383,Petrol,86,0,0,1300,3,1015,32549
8900,61,52112,Petrol,110,1,0,1600,4,1035,32381
8750,58,51712,Petrol,110,0,0,1600,3,1050,32132
10950,58,51421,Petrol,110,0,1,1600,5,1105,31952
8950,61,51235,Petrol,86,1,0,1300,4,1000,31836
8950,65,51000,Petrol,86,1,0,1300,3,1015,31690
8895,61,50925,Petrol,110,1,0,1600,5,1070,31643
9390,66,50806,Petrol,86,0,0,1300,3,1480,31569
8750,59,50469,Petrol,110,1,0,1600,5,1070,31360
9750,61,50173,Petrol,110,1,0,1600,5,1075,31176
9950,62,50000,Petrol,110,1,0,1600,5,1075,31069
10950,65,49942,Petrol,110,0,0,1600,3,1065,31033
9900,67,49585,Petrol,110,0,0,1600,5,1085,30811
9500,62,49258,Petrol,110,1,0,1600,4,1035,30607
9950,61,49000,Petrol,110,0,0,1600,3,1050,30447
9950,63,48738,Petrol,110,0,0,1600,5,1055,30284
10500,62,47750,Petrol,86,1,0,1300,5,1040,29670
9950,63,47612,Petrol,86,0,0,1300,3,1015,29585
10495,68,47500,Petrol,86,1,0,1300,5,1035,29515
9500,66,47237,Petrol,110,0,0,1600,3,1050,29352
8500,58,47171,Petrol,86,1,0,1300,3,1015,29311
10450,60,47060,Petrol,110,0,0,1600,4,1035,29242
8950,65,47014,Petrol,86,1,0,1300,3,1015,29213
9900,59,46929,Petrol,86,1,0,1300,3,1025,29160
8900,63,46000,Petrol,86,0,0,1300,5,1035,28583
8745,65,45681,Petrol,110,0,0,1600,3,1050,28385
8750,65,45549,Petrol,86,1,0,1300,3,1015,28303
10750,57,45000,Petrol,110,1,0,1600,5,1050,27962
9750,57,45000,Petrol,110,1,0,1600,3,1050,27962
8850,65,45000,Petrol,110,0,0,1600,5,1075,27962
7950,66,45000,Petrol,86,1,0,1300,5,1035,27962
9450,63,45000,Petrol,110,1,0,1600,4,1035,27962
9950,61,45000,Petrol,107,0,1,1600,3,1085,27962
8250,63,44944,Petrol,110,1,0,1600,4,1035,27927
9950,61,44597,Petrol,86,0,0,1300,3,1015,27711
9995,68,44458,Petrol,86,0,0,1300,3,1015,27625
9950,59,43818,Petrol,110,0,0,1600,5,1070,27227
10495,60,43426,Petrol,110,1,0,1600,5,1070,26984
7950,58,43000,CNG,110,1,1,1600,4,1114,26719
8950,68,43000,Petrol,110,1,0,1600,5,1035,26719
9695,57,43000,Petrol,110,0,0,1600,5,1075,26719
7750,64,43000,Petrol,86,0,0,1300,3,1015,26719
9950,68,42750,Petrol,110,1,0,1600,3,1050,26564
9950,67,42102,Petrol,110,1,0,1600,5,1075,26161
9950,63,41586,Petrol,110,1,0,1600,5,1114,25840
9900,64,41200,Petrol,110,0,0,1600,5,1070,25600
10950,57,40214,Petrol,86,0,0,1300,3,1025,24988
8950,60,40000,Petrol,86,1,0,1300,4,1000,24855
8950,66,39222,Petrol,86,1,1,1300,3,1045,24371
8250,66,39144,Petrol,110,1,0,1600,3,1050,24323
10250,62,39000,Petrol,110,1,0,1600,5,1075,24233
8750,61,38019,Petrol,110,1,0,1600,5,1070,23624
9750,68,37759,Petrol,110,1,0,1600,5,1070,23462
10950,61,37500,Petrol,110,0,0,1600,5,1085,23301
10950,60,37111,Petrol,110,1,0,1600,3,1050,23060
9750,62,37000,Petrol,86,0,0,1300,3,1015,22991
8900,59,36954,Petrol,110,1,0,1600,3,1050,22962
9500,60,36943,Petrol,110,0,0,1600,5,1070,22955
9950,63,36923,Petrol,86,0,0,1300,5,1050,22943
9950,66,36658,Petrol,110,0,0,1600,3,1050,22778
8250,65,36000,Petrol,86,1,0,1300,3,1015,22369
10450,65,36000,Petrol,110,1,0,1600,3,1065,22369
10950,62,35512,Petrol,110,1,0,1600,3,1065,22066
9250,65,35283,Petrol,86,1,0,1300,3,1015,21924
8900,68,35000,Petrol,110,1,0,1600,3,1050,21748
10900,57,35000,Petrol,86,1,0,1300,5,1045,21748
9750,64,34114,Petrol,110,0,0,1600,3,1050,21197
11950,58,34000,Petrol,110,0,0,1600,5,1075,21127
7900,68,33847,Petrol,86,1,0,1300,4,1000,21032
10900,57,33535,Petrol,110,0,0,1600,4,1035,20838
10450,65,33000,Petrol,110,0,0,1600,3,1050,20505
10950,59,32150,Petrol,110,1,0,1600,5,1085,19977
9950,65,31588,Petrol,86,1,0,1300,3,1015,19628
10750,60,31480,Petrol,110,1,0,1600,3,1065,19561
9900,57,31307,Petrol,110,1,0,1600,5,1070,19453
10750,68,31000,Petrol,110,1,0,1600,4,1035,19263
10450,58,30634,Petrol,110,1,0,1600,5,1075,19035
9450,68,30300,Petrol,86,1,0,1300,4,1000,18828
10750,60,28500,Petrol,86,1,1,1300,3,1045,17709
10950,60,28500,Petrol,110,0,0,1600,5,1075,17709
10000,57,28000,Petrol,86,0,0,1300,3,1015,17398
10500,68,26698,Petrol,110,0,0,1600,3,1055,16589
12500,62,26000,Petrol,107,0,1,1600,3,1085,16156
8950,62,25505,Petrol,86,1,0,1300,5,1035,15848
10500,58,25000,Petrol,110,1,0,1600,5,1075,15534
9245,66,22835,Petrol,110,1,0,1600,3,1050,14189
10950,59,22705,Petrol,110,1,0,1600,5,1075,14108
9500,63,22178,Petrol,86,1,0,1300,3,1015,13781
10900,62,17345,Petrol,110,1,0,1600,3,1050,10778
10950,67,15535,Petrol,86,1,1,1300,4,1030,9653
9450,66,15110,Petrol,86,0,0,1300,5,1035,9389
5900,73,232940,Diesel,72,0,0,2000,5,1172,144742
6950,79,218118,Diesel,72,0,0,2000,5,1150,135532
6000,78,217764,Diesel,72,1,0,2000,5,1135,135312
5250,79,207114,CNG,110,1,0,1600,5,1114,128695
4400,74,203254,Diesel,72,1,0,2000,3,1135,126296
6750,77,200732,Diesel,72,1,0,2000,4,1100,124729
8500,69,197501,Diesel,72,0,0,2000,5,1135,122721
6150,80,194765,Diesel,72,0,0,2000,3,1120,121021
6950,76,191620,Diesel,72,0,0,2000,5,1150,119067
5750,76,183277,Diesel,72,0,0,2000,3,1115,113883
8750,78,180378,Diesel,72,1,0,2000,4,1100,112082
6500,70,178800,Diesel,72,0,0,2000,3,1115,111101
5950,73,176177,Petrol,110,1,0,1600,5,1075,109471
6500,78,176000,Petrol,86,0,0,1300,5,1035,109361
10500,77,172980,Diesel,72,1,0,2000,5,1135,107485
8500,77,170000,Diesel,72,0,0,2000,4,1100,105633
7950,71,164000,Petrol,110,1,0,1600,3,1050,101905
5800,78,161775,Petrol,86,1,0,1300,3,1015,100522
6750,80,160000,Petrol,86,0,0,1300,3,1015,99419
6950,78,159968,Diesel,72,0,0,2000,3,1115,99399
5740,74,159908,Petrol,110,0,0,1600,3,1050,99362
6550,73,158492,Petrol,86,0,0,1300,3,1015,98482
8950,69,156204,Diesel,72,1,0,2000,3,1115,97061
6750,73,156169,Petrol,86,1,0,1300,5,1035,97039
7950,78,155210,Petrol,110,0,0,1600,3,1050,96443
7950,69,155000,Diesel,72,0,0,2000,3,1115,96313
7450,76,154900,Diesel,72,1,0,2000,5,1140,96250
7750,70,151300,Diesel,72,1,0,2000,5,1150,94013
6450,71,151000,CNG,110,1,0,1600,5,1094,93827
7900,75,150000,Diesel,72,1,0,2000,3,1135,93206
6900,69,146304,Diesel,72,1,0,2000,3,1115,90909
5600,75,146197,Petrol,86,0,0,1300,3,1015,90843
5950,77,145996,Petrol,110,0,0,1600,4,1035,90718
6950,80,143560,Petrol,86,1,1,1300,3,1045,89204
7950,71,139145,Diesel,73,0,0,2000,2,1115,86461
8950,79,138500,Petrol,86,0,0,1300,5,1050,86060
7950,74,137741,Diesel,90,1,0,2000,5,1135,85588
9500,80,137178,Diesel,90,1,0,2000,5,1135,85238
8600,76,134889,Diesel,72,1,0,2000,3,1115,83816
5950,71,134660,Diesel,72,0,0,2000,5,1135,83674
7750,73,134539,Petrol,110,0,0,1600,5,1070,83599
7950,79,131500,Diesel,72,0,0,2000,5,1140,81710
6950,77,131307,Petrol,110,1,0,1600,3,1050,81590
7250,74,130025,Petrol,110,1,0,1600,3,1050,80794
6500,78,130000,Petrol,86,0,0,1300,5,1015,80778
7250,77,128960,Petrol,110,1,0,1600,5,1070,80132
9250,80,128351,Petrol,110,1,0,1600,5,1070,79754
8250,73,128006,Petrol,110,1,0,1600,3,1050,79539
7250,71,127159,Diesel,72,1,0,2000,3,1115,79013
5250,72,126478,Petrol,110,1,0,1600,4,1035,78590
7900,77,126000,Petrol,110,1,0,1600,5,1050,78293
6900,76,125778,Petrol,110,0,0,1600,3,1050,78155
7900,75,125400,Petrol,110,0,0,1600,3,1050,77920
7250,74,124910,Diesel,72,0,0,2000,5,1135,77615
8450,70,124743,Petrol,110,1,0,1600,3,1050,77512
7950,76,124591,Petrol,110,1,0,1600,5,1075,77417
7950,74,124057,Petrol,110,1,0,1600,3,1050,77085
6450,72,123403,Petrol,110,1,0,1600,3,1050,76679
6650,75,123104,Petrol,110,1,0,1600,5,1070,76493
7950,74,123077,Petrol,86,1,0,1300,3,1015,76476
7250,80,122820,Petrol,86,0,0,1300,5,1040,76317
7450,77,122290,Petrol,110,0,0,1600,3,1050,75987
7950,74,121900,Petrol,110,1,0,1600,4,1035,75745
7250,77,121545,Petrol,110,1,0,1600,5,1070,75525
8250,71,120474,Diesel,72,1,0,2000,3,1115,74859
8950,76,120263,Diesel,72,1,0,2000,5,1135,74728
7750,74,120196,Petrol,110,1,0,1600,3,1050,74686
8500,71,120000,Petrol,110,0,0,1600,5,1085,74565
7750,78,120000,Petrol,110,0,0,1600,5,1075,74565
5750,73,115877,Petrol,110,0,0,1600,4,1035,72003
6900,76,115345,Petrol,110,1,0,1600,5,1070,71672
6500,71,115157,Petrol,110,1,0,1600,3,1050,71555
6500,78,115000,Petrol,107,1,1,1600,5,1100,71458
7600,77,114258,Petrol,86,1,0,1300,5,1050,70997
8950,73,112963,Diesel,72,1,0,2000,5,1135,70192
7450,74,112307,Petrol,110,1,0,1600,5,1070,69784
7350,72,112000,Petrol,86,1,0,1300,3,1015,69594
7750,73,111602,Petrol,86,1,0,1300,3,1015,69346
7460,80,111392,CNG,110,0,0,1598,3,1083,69216
9250,76,110901,Petrol,110,1,0,1600,5,1085,68911
7250,80,110887,Petrol,110,1,0,1600,3,1055,68902
6500,72,110634,Petrol,86,1,0,1300,3,1015,68745
6800,80,110000,Petrol,110,1,0,1600,4,1035,68351
8700,75,109540,Petrol,110,0,0,1600,5,1085,68065
7500,78,109263,Petrol,110,0,0,1600,5,1070,67893
7750,71,107516,Petrol,110,1,0,1600,3,1050,66807
7950,73,107108,Petrol,110,1,0,1600,3,1050,66554
9950,75,107000,Petrol,110,1,0,1600,3,1050,66487
6640,74,106250,Petrol,110,0,0,1600,5,1070,66021
8750,71,106150,Petrol,86,0,0,1300,3,1015,65959
7750,72,106108,Petrol,110,1,0,1600,3,1050,65932
5950,72,105856,Petrol,86,0,0,1300,3,1015,65776
6750,77,105152,Petrol,86,0,0,1300,3,1015,65338
6500,80,105135,Petrol,110,1,0,1600,3,1050,65328
8750,76,104344,Petrol,110,1,0,1600,3,1050,64836
7950,74,104150,Petrol,110,1,0,1600,3,1050,64716
6750,74,104000,Petrol,86,1,0,1300,3,1010,64623
7950,73,103121,Petrol,86,1,0,1300,5,1035,64076
7950,80,102300,Petrol,86,1,0,1300,3,1015,63566
8950,75,102005,Petrol,107,1,1,1600,5,1105,63383
7750,77,102000,Petrol,86,1,0,1300,3,1015,63380
6450,75,101855,Petrol,110,1,0,1600,5,1070,63290
6900,74,101773,Petrol,110,0,0,1600,3,1050,63239
8450,75,101159,Petrol,110,1,0,1600,5,1085,62857
6750,74,101000,Petrol,86,0,0,1300,3,1015,62758
8050,74,100732,Petrol,86,1,1,1300,4,1030,62592
9500,79,100719,Petrol,110,0,0,1600,5,1070,62584
7750,78,100487,Petrol,110,0,0,1600,4,1035,62440
8500,80,100458,Petrol,110,0,0,1600,5,1085,62422
7795,75,100192,Petrol,110,1,0,1600,3,1050,62256
6490,80,100123,Petrol,110,1,0,1600,3,1050,62214
7950,73,99971,Petrol,110,1,0,1600,3,1050,62119
6425,79,99397,Petrol,86,0,0,1300,5,1035,61762
8950,69,99374,Petrol,86,1,0,1300,5,1035,61748
6950,72,99245,Petrol,110,1,0,1600,5,1114,61668
8750,79,98742,Petrol,110,0,0,1600,5,1085,61355
8450,71,98154,Petrol,110,1,0,1600,3,1050,60990
7950,77,98000,Petrol,110,1,0,1600,5,1065,60894
7950,80,97548,Petrol,86,0,0,1300,5,1035,60613
8900,78,97534,Petrol,110,1,0,1600,5,1070,60605
8950,73,97494,Petrol,110,1,0,1600,5,1085,60580
8900,73,97085,Petrol,110,1,0,1600,5,1085,60326
7950,69,97000,Petrol,110,0,0,1600,4,1035,60273
6495,74,96302,Petrol,86,1,0,1300,3,1015,59839
7250,78,96000,Petrol,86,1,0,1300,3,1015,59652
9250,74,96000,Petrol,110,1,0,1600,5,1085,59652
6650,78,95909,Petrol,110,1,0,1600,5,1070,59595
6990,79,95700,Petrol,110,0,0,1600,5,1085,59465
7750,78,95651,Petrol,110,1,0,1600,5,1070,59435
6950,79,95000,Petrol,86,1,0,1300,5,1035,59030
7250,80,94447,Petrol,110,0,0,1600,3,1050,58687
9950,80,94079,Petrol,110,1,0,1600,5,1085,58458
9250,80,93841,Petrol,110,0,0,1600,5,1070,58310
7200,79,93090,Petrol,86,1,0,1300,5,1035,57843
8250,72,93066,Petrol,110,1,0,1600,5,1075,57829
8950,79,93039,Petrol,110,1,0,1600,3,1050,57812
8250,77,93000,Petrol,110,1,0,1600,5,1075,57788
6250,80,92830,Petrol,86,1,0,1300,3,1015,57682
9900,80,92255,Petrol,107,0,1,1600,5,1105,57325
7300,80,92096,Petrol,86,1,0,1300,5,1035,57226
8950,72,91921,Petrol,86,1,0,1300,3,1020,57117
6500,70,91900,Petrol,86,1,0,1300,3,1015,57104
7950,78,91399,Petrol,110,1,0,1600,5,1070,56793
7450,75,91082,Petrol,110,1,0,1600,3,1050,56596
7950,71,90370,Petrol,86,1,0,1300,5,1035,56153
8500,78,90345,Petrol,86,1,0,1300,5,1035,56138
6950,77,90305,Petrol,86,1,0,1300,3,1015,56113
7950,78,90011,Petrol,86,0,1,1300,3,1045,55930
6750,77,90000,Petrol,86,1,0,1300,3,1015,55923
8450,70,89983,Petrol,110,0,0,1600,3,1055,55913
7500,78,89953,Petrol,110,0,0,1600,5,1114,55894
8750,74,89800,Diesel,72,1,0,2000,3,1115,55799
8750,79,89739,Petrol,86,1,0,1300,5,1035,55761
8950,76,89520,Petrol,110,1,0,1600,3,1050,55625
